x,y,col,het,var,cvg,id,heterogeneity,collinearity,cl,ht,pos,neg,corner
-92.2918059065,55.791527194500006,0.054322268813848495,0.01793428510427475,0.01793428510427475,1,20947,low,low,0.055446006477490234,0.027894716533214535,0.044364770910533244,0.4722822877625364,TRUE
72.70819343349999,29.958193964500005,0.8945580124855042,0.022977802902460098,0.022977802902460098,1,74911,low,high,0.9130632927921253,0.03769974872748714,0.5253151339311256,0.9540432495175823,TRUE
84.79152671850002,28.291527304500008,2.445893478579819e-4,0.4170602262020111,0.4170602262020111,1,78396,high,low,2.4964871347340323e-4,0.80382985915146965,0.44398508597752084,0,TRUE
-77.29180596650001,-10.875139205499991,0.7700424790382385,0.5179663300514221,0.5179663300514221,1,159223,high,high,0.7859719678832044,1,0.9884044824080218,0.335007217756588,TRUE
