x,y,col,het,var,cvg,id,heterogeneity,collinearity,cl,ht,pos,neg,corner
46.87486020349999,46.62486056450001,0.06378895789384842,0.011002018116414547,0.011002018116414547,1,40289,low,low,0.06510852828797221,0.014417793537182208,0.04224984073667033,0.4854310493312522,TRUE
90.20819336349999,43.2915272445,0.9237475991249084,0.3641972839832306,0.3641972839832306,1,47305,high,high,0.942856710021605,0.7010597548156413,0.9096404890207282,0.5940252765512631,TRUE
-80.6251392865,26.62486064450001,0.8824676871299744,0.01802152767777443,0.01802152767777443,1,81455,low,high,0.9007228608357785,0.02806432359640034,0.513130415808979,0.952506156035673,TRUE
-66.0418060115,-27.125139140499996,6.032647215761244e-4,0.39205554127693176,0.39205554127693176,1,192946,high,low,6.157438278419801e-4,0.7552186019876189,0.41723510767217536,0.027830897964846862,TRUE
